"name","url","description","language","updatedAt","stars","isFork","isArchived","score","tier","relevance_type","targets","research_topics","rationale"
"ChatTTS","https://github.com/Dicklesworthstone/ChatTTS","Forked to make it installable via pip","Jupyter Notebook","2026-02-12T02:36:27Z","2","false","false","41","medium","inspiration","apps/intercom;docs/research","conversational tts;prosody control;speech synthesis","Conversational TTS could inform optional voice interfaces, but outside core roadmap."
"Dicklesworthstone","https://github.com/Dicklesworthstone/Dicklesworthstone","GitHub profile README","","2026-02-19T06:25:53Z","2","false","false","30","low","inspiration","docs/research;os/clavain","agentic-flywheel;project-positioning","Profile-level flywheel framing is conceptually relevant, though technically shallow."
"aadc","https://github.com/Dicklesworthstone/aadc","Fixes misaligned right borders in ASCII art diagrams with a single command","Rust","2026-02-26T08:38:21Z","17","false","false","34","low","none","apps/autarch;docs/research","ascii diagram correction;developer cli utilities;terminal formatting","Niche utility; minor value for ASCII-heavy terminal docs, limited strategic impact."
"acip","https://github.com/Dicklesworthstone/acip","The Advanced Cognitive Inoculation Prompt","Shell","2026-02-26T21:29:05Z","280","false","false","60","medium","inspiration","os/clavain;core/intercore;docs/research","prompt security;inoculation prompts;attack resilience","Prompt-injection hardening guidance can shape guardrails and policy prompts across agent entrypoints."
"advice_for_learning_to_code_and_making_an_app","https://github.com/Dicklesworthstone/advice_for_learning_to_code_and_making_an_app","Practical advice for beginners learning to code and building their first app","HTML","2026-02-12T04:58:25Z","2","false","false","10","low","none","","beginner programming advice;app learning path;education content","Beginner guidance content lacks technical depth for platform integration."
"agent-mailbox-viewer-example","https://github.com/Dicklesworthstone/agent-mailbox-viewer-example","MCP Agent Mail static viewer","JavaScript","2026-02-22T04:35:31Z","2","false","false","81","high","both","core/intermute;os/clavain;apps/intercom","agent-mail;static-sharing;mailbox-audit","Static mailbox export example supports auditability and asynchronous multi-agent collaboration."
"agent_flywheel_clawdbot_skills_and_integrations","https://github.com/Dicklesworthstone/agent_flywheel_clawdbot_skills_and_integrations","Clawdbot skills for agentic coding workflows - ACFS stack, cloud CLIs, and dev tools","Shell","2026-02-26T00:21:31Z","50","false","false","61","medium","inspiration","os/clavain;docs/research","skill-packaging;tool-integrations;prompt-injection-defense;agent-workflows","Provides reusable skill-packaging patterns and security guidance for agent ecosystems."
"agent_settings_backup_script","https://github.com/Dicklesworthstone/agent_settings_backup_script","Git-versioned backup tool for AI coding agent config folders (Claude Code, Cursor, Codex, etc.) with size-based rotation and easy restoration","Shell","2026-02-27T08:37:44Z","20","false","false","70","medium","integration","os/clavain;docs/research","config-backups;git-versioned-snapshots;disaster-recovery;agent-environment-management","Operationally valuable for safeguarding agent configs across frequent upgrades and incidents."
"agentic_coding_flywheel_setup","https://github.com/Dicklesworthstone/agentic_coding_flywheel_setup","Bootstraps a fresh Ubuntu VPS into a complete multi-agent AI development environment in 30 minutes: coding agents, session management, safety tools, and coordination infrastructure","Shell","2026-02-27T16:59:56Z","1168","false","false","94","high","both","os/clavain;interverse/interphase;docs/research","agentic environment bootstrap;beads workflow automation;multi-agent operations;VPS provisioning","Direct overlap with Demarch onboarding, coordination tooling, and production operator workflows."
"anti_alzheimers_flasher","https://github.com/Dicklesworthstone/anti_alzheimers_flasher","Web app delivering 40Hz light and sound stimulation for gamma entrainment research","HTML","2026-02-12T02:39:52Z","24","false","false","2","low","none","","gamma entrainment;browser audiovisual stimulation;health web app","Therapeutic flashing app is unrelated to Demarch product or infrastructure goals."
"ascii_art_mini_transformer","https://github.com/Dicklesworthstone/ascii_art_mini_transformer","A tiny, CPU-efficient transformer for generating ASCII art with 2D positional encoding","Python","2026-02-22T04:35:33Z","7","false","false","15","low","none","","toy transformer;ascii generation","Narrow ASCII-art generation focus has no meaningful overlap with Demarch platform priorities."
"asupersync","https://github.com/Dicklesworthstone/asupersync","Async runtime for Rust where correctness is structural: region-owned tasks, cancel-correct protocols, capability-gated effects, and deterministic replay testing","Rust","2026-02-27T16:09:53Z","108","false","false","56","medium","inspiration","core/intermute;os/clavain;docs/research","structured concurrency;cancel-correct protocols;deterministic async testing;capability-gated effects","Concurrency correctness patterns can inform Intermute reliability and failure-handling design decisions."
"asupersync_ansi_c","https://github.com/Dicklesworthstone/asupersync_ansi_c","Highly portable, dependency-free ANSI C port of asupersync with deterministic replay, strict resource contracts, and embedded-router profiles.","C","2026-02-27T06:55:49Z","2","false","false","14","low","none","docs/research","embedded concurrency runtime;portable ANSI C systems design","Embedded C portability focus is outside Demarch priorities and active module roadmaps."
"asupersync_website","https://github.com/Dicklesworthstone/asupersync_website","Official Next.js 16 website for the Asupersync runtime: interactive demos, architecture docs, glossary, and searchable spec explorer.","TypeScript","2026-02-27T13:23:48Z","4","false","false","24","low","none","docs/research","interactive technical documentation;runtime demo presentation patterns","Website-focused content offers minor documentation ideas but no meaningful integration pathway now."
"automated_passive_causal_determination","https://github.com/Dicklesworthstone/automated_passive_causal_determination","A fully automated causal discovery pipeline using transformers, XGBoost, and model parsimony to infer causal structures directly from observational data.","Python","2026-02-12T02:35:42Z","3","false","false","42","medium","inspiration","os/clavain;docs/research","causal discovery pipelines;model parsimony;experiment logging","Automated causal pipeline is methodologically useful for research, but integration surface is limited."
"automated_plan_reviser_pro","https://github.com/Dicklesworthstone/automated_plan_reviser_pro","Iterative specification refinement tool: feeds your docs through GPT Pro Extended Reasoning via Oracle for multiple revision rounds until production-ready","Shell","2026-02-27T14:03:54Z","48","false","false","86","high","integration","os/clavain;interverse/interdoc;docs/research","iterative-plan-refinement;spec-quality-gates;oracle-driven-review;doc-revision-loops","Matches Demarch planning loops and can improve specification quality before execution."
"automatic_cpp_code_analysis_with_gpt","https://github.com/Dicklesworthstone/automatic_cpp_code_analysis_with_gpt","Parses C++ files into individual functions, generates GPT-4 analysis prompts, and stores results in SQLite","Python","2026-02-12T04:58:42Z","2","false","false","70","high","both","interverse/interdoc;interverse/intersearch;os/clavain","code parsing;llm prompt generation;sqlite analysis storage","Automated code slicing and GPT analysis patterns map to review tooling."
"automatic_log_collector_and_analyzer","https://github.com/Dicklesworthstone/automatic_log_collector_and_analyzer","Replace Splunk in your small company with this one weird trick!","Python","2026-02-13T18:47:05Z","424","false","false","71","high","both","core/intermute;core/intercore;os/clavain","log ingestion;sqlite analytics;remote observability automation","Strong observability pipeline concepts map to Demarch service telemetry and incident debugging."
"bakery_algorithm","https://github.com/Dicklesworthstone/bakery_algorithm","Lamport's Bakery Algorithm Demonstrated in Python","Python","2026-02-20T11:09:58Z","96","false","false","54","medium","inspiration","core/intermute;core/intercore;docs/research","mutual exclusion;lock fairness;concurrency education","Classic mutual-exclusion model helps reason about coordination and lock discipline."
"ball_fighters","https://github.com/Dicklesworthstone/ball_fighters","Browser-based two-player game where players control balls on a grid competing to cover squares","HTML","2026-02-12T02:39:57Z","2","false","false","4","low","none","","canvas game loops;two-player controls;browser game design","Browser game mechanics have no meaningful alignment with Demarch needs."
"beads-for-frankentui","https://github.com/Dicklesworthstone/beads-for-frankentui","Issue tracker dashboard","HTML","2026-02-25T08:18:50Z","11","false","false","68","medium","integration","os/clavain;apps/autarch;docs/research","beads analytics;issue dashboard UX;sqlite reporting","Beads dashboard patterns and sqlite artifacts inform richer task-ops visualizations for agent workflows."
"beads_for_cass","https://github.com/Dicklesworthstone/beads_for_cass","Cass Beads","HTML","2026-02-22T04:35:34Z","4","false","false","94","high","integration","os/clavain;apps/autarch;docs/research","beads-dashboard;pagerank-prioritization;issue-analytics","Beads analytics and prioritization patterns are directly reusable in Demarch planning tools."
"beads_rust","https://github.com/Dicklesworthstone/beads_rust","Fast Rust port of Steve Yegge's beads: local-first, non-invasive issue tracker storing tasks in SQLite with JSONL export for git collaboration","Rust","2026-02-27T15:46:43Z","616","false","false","92","high","both","os/clavain;apps/intercom;docs/research","issue-tracking workflows;git-native coordination;sqlite durability;agent-friendly tooling","Directly overlaps Demarch’s Beads-centric workflow; highest integration and process-improvement relevance."
"beads_viewer","https://github.com/Dicklesworthstone/beads_viewer","Graph-aware TUI for the Beads issue tracker: PageRank, critical path, kanban, dependency DAG visualization, and robot-mode JSON API","Go","2026-02-27T12:48:30Z","1319","false","false","98","high","integration","os/clavain;apps/autarch;docs/research","issue graph analytics;dependency critical path;tui workflow visualization","Directly aligned with Demarch bead-centric planning, dependency analytics, and robot-mode automation workflows."
"beads_viewer-pages","https://github.com/Dicklesworthstone/beads_viewer-pages","Issue tracker dashboard","HTML","2026-02-22T04:35:37Z","7","false","false","96","high","integration","os/clavain;apps/autarch;docs/research","beads-dashboard;dependency-graph;priority-scoring","Directly overlaps with Demarch Beads workflows, graph metrics, and execution planning."
"beads_viewer_for_agentic_coding_flywheel_setup","https://github.com/Dicklesworthstone/beads_viewer_for_agentic_coding_flywheel_setup","Issue tracker dashboard","HTML","2026-02-22T04:35:35Z","9","false","false","97","high","integration","os/clavain;apps/autarch;docs/research","beads-dashboard;agentic-flywheel;quick-win-triage","Purpose-built Beads viewer for agentic coding; near-perfect fit for existing operations."
"bio_inspired_nanochat","https://github.com/Dicklesworthstone/bio_inspired_nanochat","A version of Karpathy's Nanochat that attempts to capture more biologically inspired structure.","Python","2026-02-26T03:25:46Z","18","false","false","31","low","inspiration","docs/research","bio-inspired transformers;adaptive inference;experimental architectures","Interesting ML research, but largely outside Demarch's tooling and orchestration priorities."
"brenner_bot","https://github.com/Dicklesworthstone/brenner_bot","Harness the scientific methods of Sydney Brenner using AI Agents","TypeScript","2026-02-26T22:11:15Z","60","false","false","61","medium","both","os/clavain;apps/intercom;docs/research","ai-agent orchestration;research workflows;web assistant UX;tooling integration","Agent-driven research assistant patterns can transfer to Clavain orchestration and Intercom UX."
"bulk_transcribe_youtube_videos_from_playlist","https://github.com/Dicklesworthstone/bulk_transcribe_youtube_videos_from_playlist","Easily take an entire YouTube playlist and turn it into high quality transcripts using Whisper.","Python","2026-02-27T05:34:59Z","658","false","false","35","low","inspiration","interverse/interdoc;docs/research","whisper transcription;batch media ingestion;transcript postprocessing","Potential input pipeline for video-derived knowledge, but peripheral to core development agent features."
"cardinal_network_analysis","https://github.com/Dicklesworthstone/cardinal_network_analysis","Based on a study by Rizzo, Soda and Iorio","HTML","2026-02-22T04:35:40Z","4","false","false","68","medium","inspiration","os/clavain;interverse/intermap;docs/research","graph-centrality;network-analysis;influence-metrics","Centrality and betweenness techniques align with Beads graph triage and dependency intelligence."
"cass-memory-system-agent-mailbox-viewer","https://github.com/Dicklesworthstone/cass-memory-system-agent-mailbox-viewer","MCP Agent Mail static viewer","JavaScript","2026-02-22T04:35:41Z","5","false","false","83","high","both","core/intermute;os/clavain;apps/intercom","agent-mail;mailbox-exports;viewer","Another Agent Mail viewer variant relevant for coordination transparency and debugging."
"cass_memory_system","https://github.com/Dicklesworthstone/cass_memory_system","Procedural memory for AI coding agents: transforms scattered session history into persistent, cross-agent memory so every agent learns from every other","TypeScript","2026-02-26T07:07:28Z","253","false","false","86","high","both","os/clavain;interverse/intermem;core/intermute","agent memory;cross-session persistence;knowledge synthesis","Procedural memory and cross-agent persistence match Demarch goals for cumulative autonomous learning."
"causal_direction_estimation_from_data","https://github.com/Dicklesworthstone/causal_direction_estimation_from_data","Automated Python script for data-driven causal inference, leveraging machine learning models and statistical error analysis to uncover hidden causal relationships.","Python","2026-02-12T02:35:45Z","3","false","false","37","low","inspiration","os/clavain;docs/research","causal inference;error-distribution scoring;ml diagnostics","Causal inference ideas may inform telemetry analysis, but integration cost is high."
"cellular_automata_snowflake_simulator","https://github.com/Dicklesworthstone/cellular_automata_snowflake_simulator","Interactive snowflake generation using cellular automata rules","HTML","2026-02-12T02:41:36Z","0","false","false","4","low","none","","cellular automata simulation","Standalone snowflake simulation has no meaningful connection to Demarch objectives."
"charmed_rust","https://github.com/Dicklesworthstone/charmed_rust","Rust port of the Charm ecosystem (Bubble Tea, Lip Gloss, Bubbles, Wish): Elm-architecture TUIs, CSS-like terminal styling, and SSH app framework","Rust","2026-02-26T05:54:48Z","16","false","false","62","medium","inspiration","apps/autarch;docs/research","rust tui framework;elm architecture;terminal styling","Rust TUI architecture and styling system can inspire future Autarch interface experiments."
"chat_shared_conversation_to_file","https://github.com/Dicklesworthstone/chat_shared_conversation_to_file","CLI tool that converts public share links from ChatGPT, Gemini, Grok, and Claude into clean Markdown and static HTML transcripts with GitHub Pages publishing","TypeScript","2026-02-22T05:12:21Z","23","false","false","74","medium","integration","apps/intercom;docs/research;os/clavain","conversation-export;markdown-normalization;artifact-generation;cross-provider-ingestion","Directly supports conversation archival and reproducible artifacts for multi-agent collaboration."
"claude_code_agent_farm","https://github.com/Dicklesworthstone/claude_code_agent_farm","Orchestration framework for running 20+ Claude Code agents in parallel: automated bug fixing, best-practices sweeps, lock-based coordination, and real-time tmux monitoring","Shell","2026-02-27T10:43:54Z","668","false","false","96","high","both","os/clavain;core/intermute;apps/intercom;interverse/interlock","parallel-agent-orchestration;lock-coordination;tmux-monitoring;auto-recovery","Excellent reference for parallel agent orchestration, locking, monitoring, and recovery."
"cloud_benchmarker","https://github.com/Dicklesworthstone/cloud_benchmarker","Cloud Benchmarker automates performance testing of cloud instances, offering insightful charts and tracking over time.","Python","2026-02-22T05:12:22Z","37","false","false","55","medium","inspiration","core/intercore;docs/research","infra-benchmarking;time-series-monitoring;ansible-automation;performance-charts","Useful patterns for infrastructure benchmarking and longitudinal performance tracking."
"cmaes_explainer","https://github.com/Dicklesworthstone/cmaes_explainer","An introduction and explanation of the incredible CMA-ES optimization algorithm.","TypeScript","2026-02-24T20:17:21Z","4","false","false","27","low","inspiration","core/intercore;docs/research","optimization;cma-es;interactive-explainer","Optimization concepts may inspire scheduler heuristics, but implementation is mostly educational."
"coding_agent_account_manager","https://github.com/Dicklesworthstone/coding_agent_account_manager","Sub-100ms auth switching for AI coding CLIs (Claude Code, Codex, Gemini): swap subscription accounts instantly when you hit usage limits","Go","2026-02-26T00:01:17Z","59","false","false","71","medium","integration","apps/intercom;os/clavain;sdk/interbase","auth switching;provider failover;quota management","Fast account switching is relevant for multi-provider failover and quota-aware runtime routing."
"coding_agent_session_search","https://github.com/Dicklesworthstone/coding_agent_session_search","Unified TUI and CLI to index and search your local coding agent session history across 11+ providers (Codex, Claude, Gemini, Cursor, Aider, etc.)","Rust","2026-02-27T14:48:43Z","520","false","false","92","high","both","apps/intercom;os/clavain;interverse/intersearch","agent session indexing;cross-provider search;robot-mode APIs;local history analytics","Highly aligned with Demarch agent observability, retrieval workflows, and Intercom multi-runtime UX."
"coding_agent_usage_tracker","https://github.com/Dicklesworthstone/coding_agent_usage_tracker","Single CLI to monitor LLM provider usage across Codex, Claude, Gemini, Cursor, and Copilot: remaining quota, rate limits, and cost tracking in one place","Rust","2026-02-26T04:27:39Z","14","false","false","83","high","both","apps/intercom;os/clavain;docs/research","llm quota monitoring;cost tracking;multi-provider telemetry","Useful telemetry patterns for cross-provider quota visibility, budgeting, and operational dashboards."
"cohomological_ai","https://github.com/Dicklesworthstone/cohomological_ai","Applying advanced the mathematics of cohomology to AI research (invented by Claude)","Python","2026-02-12T02:35:46Z","5","false","false","24","low","inspiration","docs/research;os/clavain","speculative transformer variants;topological regularization;experimental ML ideas","Speculative cohomology-inspired model ideas suit research notes, not near-term Demarch integration."
"cool_desktop_wallpapers","https://github.com/Dicklesworthstone/cool_desktop_wallpapers","Hiroshi Nagai style AI-generated wallpapers created with Midjourney","","2026-02-22T04:35:46Z","11","false","false","0","low","none","","","Wallpaper artwork repository has no technical relevance to Demarch engineering."
"cross_agent_session_resumer","https://github.com/Dicklesworthstone/cross_agent_session_resumer","Resume AI coding sessions across providers: converts Codex, Claude, Gemini, and other session formats through a canonical IR so you can pick up where you left off in any tool","Rust","2026-02-26T08:38:12Z","14","false","false","91","high","integration","apps/intercom;os/clavain;sdk/interbase","cross-provider session portability;canonical session IR;resume automation","Strong fit for Intercom/Clavain session portability, canonical transcript models, and provider handoff workflows."
"curl_bash_one_liners_for_flywheel_tools","https://github.com/Dicklesworthstone/curl_bash_one_liners_for_flywheel_tools","Copy-paste curl|bash one-liners to install every tool in the Agent Flywheel ecosystem: 23+ CLIs for AI agent orchestration, memory, security, and development","","2026-02-22T04:35:48Z","16","false","false","76","medium","both","os/clavain;sdk/interbase;docs/research","installer-one-liners;cli-distribution;devx-onboarding","Installer patterns and tool cataloging can improve Clavain onboarding and bootstrap docs."
"destructive_command_guard","https://github.com/Dicklesworthstone/destructive_command_guard","The Destructive Command Guard (dcg) is for blocking dangerous git and shell commands from being executed by agents.","Rust","2026-02-27T16:13:36Z","585","false","false","95","high","integration","os/clavain;interverse/intercheck;apps/intercom","agent safety hooks;destructive command blocking;policy enforcement","Directly applicable safety guardrail for agent command execution pipelines and policy hardening."
"doodlestein_self_releaser","https://github.com/Dicklesworthstone/doodlestein_self_releaser","Local release tool that reuses your GitHub Actions workflow YAML to build via nektos/act when CI queues are throttled, then uploads artifacts to GitHub Releases","Shell","2026-02-22T05:12:25Z","6","false","false","65","medium","integration","os/clavain;docs/research","release-automation;ci-fallback;local-build-replay;artifact-publishing","Could harden release automation when CI queues are throttled or unavailable."
"ees","https://github.com/Dicklesworthstone/ees","Client-side, zero-backend web app for exploring and searching the Epstein email corpus with full privacy","HTML","2026-02-22T04:35:51Z","22","false","false","33","low","inspiration","apps/autarch;interverse/intersearch","client-side-search;privacy-first-ui;indexing","Search UX and local indexing ideas are reusable, but domain content is unrelated."
"eidetic-engine-docs","https://github.com/Dicklesworthstone/eidetic-engine-docs","Documentation for the Eidetic Engine AI memory system","","2026-02-12T02:42:59Z","1","false","false","58","medium","inspiration","os/clavain;interverse/intermem;docs/research","agent memory schema;sqlite memory operations;semantic retrieval","Detailed UMS schema and memory operations offer design inspiration for Clavain memory workflows."
"eidetic-engine-website-project","https://github.com/Dicklesworthstone/eidetic-engine-website-project","Website for the Eidetic Engine AI memory project","TeX","2026-02-12T02:43:00Z","1","false","false","30","low","inspiration","apps/intercom;docs/research","react technical storytelling;architecture visualization;AI memory UX","Frontend architecture showcase may inspire communication patterns, not core Demarch functionality."
"fast_cmaes","https://github.com/Dicklesworthstone/fast_cmaes","SIMD-accelerated CMA-ES optimization in Rust with Python bindings (PyPI: fast-cmaes), rayon parallelism, deterministic seeds, and a Rich TUI","Rust","2026-02-22T19:39:08Z","3","false","false","35","low","inspiration","docs/research","cma-es;simd-optimization;parameter-search;python-rust-ffi","Advanced optimizer may help future auto-tuning experiments, not an immediate platform need."
"fast_vector_similarity","https://github.com/Dicklesworthstone/fast_vector_similarity","High-performance vector similarity library in Rust with Python bindings: Spearman, Kendall, distance correlation, Jensen-Shannon, Hoeffding's D, and bootstrapped confidence intervals","Rust","2026-02-25T14:04:55Z","427","false","false","73","medium","both","interverse/intersearch;interverse/tldr-swinton;docs/research","vector similarity;embedding search;rust+python performance","Rust vector metrics and Python bindings can accelerate semantic retrieval and ranking experiments."
"fastapi_rust","https://github.com/Dicklesworthstone/fastapi_rust","Rust web framework inspired by Python's FastAPI: type-safe routing, zero-copy parsing, OpenAPI generation, and structured concurrency via asupersync","Rust","2026-02-26T03:25:52Z","9","false","false","47","medium","inspiration","core/intermute;core/intercore;docs/research","type-safe routing;openapi generation;async web services","Useful API ergonomics reference, but Demarch core services are Go-centric and unlikely to adopt Rust stack."
"fastmcp_rust","https://github.com/Dicklesworthstone/fastmcp_rust","Rust framework for building Model Context Protocol servers with cancel-correct async, zero-copy serialization, and first-class tool/resource/prompt abstractions","Rust","2026-02-26T03:25:53Z","13","false","false","96","high","integration","os/clavain;interverse/interlock;sdk/interbase","mcp server framework;async cancellation;tool/resource abstraction","Core MCP framework relevance is immediate for server plugins, tool abstractions, and performance-sensitive integrations."
"ffn","https://github.com/Dicklesworthstone/ffn","ffn - a financial function library for Python","Python","2026-02-12T02:35:49Z","3","true","false","9","low","none","","financial analytics;quant libraries;python numerics","Financial analytics library is outside Demarch's agent-platform scope."
"flywheel_connectors","https://github.com/Dicklesworthstone/flywheel_connectors","Mesh-native protocol and Rust connector library for secure AI agent integration with external services: Twitter, Linear, Stripe, Discord, Gmail, GitHub, and more","Rust","2026-02-27T13:29:40Z","32","false","false","78","high","both","sdk/interbase;os/clavain;core/intercore","connector protocol;capability security;service integrations","Secure connector protocol and capability isolation are directly applicable to external tool integrations."
"flywheel_gateway","https://github.com/Dicklesworthstone/flywheel_gateway","SDK-first orchestration platform for managing AI coding agent fleets: BYOA key rotation, real-time WebSocket dashboard, DCG integration, and cross-agent search","TypeScript","2026-02-22T05:12:28Z","19","false","false","94","high","both","core/intercore;core/intermute;apps/intercom;os/clavain","agent-fleet-orchestration;dashboard-observability;key-rotation;cross-agent-search","Close architectural overlap with multi-agent orchestration, fleet control, and observability."
"fmd_blog_posts","https://github.com/Dicklesworthstone/fmd_blog_posts","Blog posts for Fix My Documents","","2026-02-14T06:15:54Z","2","false","false","21","low","inspiration","docs/research","agent-practices;prompt-injection;ai-workflows","Blog essays may contain transferable ideas but lack executable integration artifacts."
"franken_agent_detection","https://github.com/Dicklesworthstone/franken_agent_detection","Deterministic, local filesystem-based detection of installed coding-agent connectors for Rust tooling.","Rust","2026-02-25T21:05:09Z","5","false","false","86","high","integration","apps/intercom;os/clavain;sdk/interbase","agent connector discovery;filesystem probes;runtime capability detection","Direct dependency candidate for detecting installed agent tools and adapting runtime integrations."
"franken_engine","https://github.com/Dicklesworthstone/franken_engine","Native Rust runtime for adversarial extension workloads with deterministic replay, cryptographic decision receipts, and fleet-scale containment.","Rust","2026-02-27T13:51:10Z","16","false","false","63","medium","inspiration","os/clavain;interverse/intertrust;docs/research","deterministic replay;capability security;incident containment;runtime trust controls","Security and replay concepts inform trust governance, with limited immediate integration path."
"franken_networkx","https://github.com/Dicklesworthstone/franken_networkx","Memory-safe clean-room Rust reimplementation of NetworkX with deterministic graph semantics, differential conformance, and RaptorQ-backed durability.","Python","2026-02-27T02:37:15Z","1","false","false","77","high","both","interverse/interchart;os/clavain;docs/research","graph analytics;deterministic graph algorithms;centrality metrics;conformance testing","Graph algorithms align with beads-viewer style prioritization, planning analytics, and ecosystem graph tooling."
"franken_node","https://github.com/Dicklesworthstone/franken_node","Trust-native JavaScript/TypeScript runtime platform built on franken_engine with deterministic compatibility, migration autopilot, extension trust controls, and incident replay.","Rust","2026-02-27T13:51:14Z","14","false","false","58","medium","inspiration","os/clavain;interverse/intertrust;docs/research","JS runtime trust model;migration automation;incident replay;extension governance","Trust-native runtime ideas are relevant conceptually but not directly aligned to current Demarch stack."
"franken_numpy","https://github.com/Dicklesworthstone/franken_numpy","Memory-safe clean-room Rust reimplementation of NumPy with strict/hardened compatibility modes, deterministic stride calculus, differential conformance harnesses, and RaptorQ durability artifacts.","Python","2026-02-27T02:35:36Z","3","false","false","33","low","inspiration","core/intercore;docs/research","compatibility modes;stride calculus;differential conformance;numerical runtime design","Compatibility and conformance practices are relevant; NumPy domain remains mostly adjacent."
"franken_whisper","https://github.com/Dicklesworthstone/franken_whisper","Agent-first Rust ASR orchestration stack: Bayesian backend routing across whisper.cpp/insanely-fast-whisper/whisper-diarization, real-time NDJSON streaming, SQLite persistence, TTY audio transport, conformance harness. 107K lines, 2000+ tests, zero unsafe code.","Rust","2026-02-27T06:45:31Z","10","false","false","34","low","inspiration","apps/intercom;docs/research","ASR orchestration;backend routing;streaming transcription pipelines","Potential future voice input ideas for Intercom, but peripheral to current core goals."
"frankenfs","https://github.com/Dicklesworthstone/frankenfs","Memory-safe FUSE reimplementation of ext4 and btrfs in Rust with block-level MVCC and RaptorQ self-healing. 19-crate workspace, zero unsafe code.","Rust","2026-02-27T06:43:58Z","11","false","false","16","low","none","docs/research","filesystem architecture;FUSE design;self-healing storage mechanisms","Filesystem reimplementation has minimal overlap with Demarch orchestration and agent productivity objectives."
"frankenjax","https://github.com/Dicklesworthstone/frankenjax","Clean-room Rust reimplementation of JAX transform semantics (jit, grad, vmap) with canonical JAXPR-like IR, Trace Transform Ledger, deterministic cache keys, and differential conformance harness","Rust","2026-02-27T02:34:11Z","4","false","false","34","low","inspiration","core/intercore;docs/research","transform IR design;differential testing;deterministic semantics;compiler architecture","IR and determinism ideas are useful references, but integration opportunities are limited."
"frankenlibc","https://github.com/Dicklesworthstone/frankenlibc","Rust interposition layer for glibc: transparent safety membrane that incrementally replaces C library functions with memory-safe Rust implementations","Rust","2026-02-27T06:56:02Z","16","false","false","20","low","none","docs/research","libc interposition;memory-safe systems wrappers","Low alignment with Demarch product direction and no clear near-term integration surface."
"frankenmermaid","https://github.com/Dicklesworthstone/frankenmermaid","Rust-first Mermaid-compatible diagram engine with smarter parsing, deterministic layouts, and high-quality output across CLI, SVG, terminal, and WASM targets","Rust","2026-02-27T06:45:29Z","4","false","false","66","medium","both","interverse/interchart;os/clavain;docs/research","diagram rendering;deterministic layout;Mermaid compatibility;WASM/CLI docs tooling","Useful for diagram pipelines and documentation tooling, with plausible integration in interchart workflows."
"frankenpandas","https://github.com/Dicklesworthstone/frankenpandas","Memory-safe, clean-room Rust reimplementation of pandas with packetized conformance gates, strict/hardened runtime modes, and RaptorQ-backed artifact durability.","Rust","2026-02-27T02:36:47Z","7","false","false","32","low","inspiration","core/intercore;docs/research","clean-room reimplementation;columnar execution;conformance testing;memory safety","Strong reliability methodology, but pandas runtime itself is peripheral to Demarch core architecture."
"frankenredis","https://github.com/Dicklesworthstone/frankenredis","Memory-safe clean-room Redis reimplementation in Rust with strict/hardened compatibility modes, deterministic replication semantics, differential conformance harnesses, and profile-guided optimization proofs.","Rust","2026-02-27T02:35:14Z","4","false","false","52","medium","both","core/intermute;interverse/intercache;docs/research","redis compatibility;replication semantics;cache reliability;fuzz/conformance testing","Redis parity and replication semantics can inform intercache backends and reliability strategy."
"frankenscipy","https://github.com/Dicklesworthstone/frankenscipy","Clean-room Rust reimplementation of SciPy with Condition-Aware Solver Portfolio (CASP) — runtime algorithm selection driven by conditioning diagnostics, stability certificates, and decision-theoretic policy controllers","Rust","2026-02-26T03:25:55Z","2","false","false","24","low","none","docs/research","numerical solvers;scientific computing;condition-aware algorithms","Primarily scientific computing; little direct alignment with agent orchestration or plugin workflows."
"frankensearch","https://github.com/Dicklesworthstone/frankensearch","Two-tier hybrid search for Rust: sub-millisecond initial results via potion-128M, quality-refined rankings in 150ms via MiniLM-L6-v2. Combines lexical (Tantivy BM25) and semantic (vector cosine) search with Reciprocal Rank Fusion. Progressive iterator API, f16 SIMD vector index, feature-gated compilation.","Rust","2026-02-26T03:25:56Z","37","false","false","88","high","both","interverse/tldr-swinton;interverse/intersearch;sdk/interbase","hybrid lexical-semantic search;rrf ranking;simd vector index","Matches Demarch search needs: hybrid retrieval, ranking fusion, and low-latency local indexing."
"frankensqlite","https://github.com/Dicklesworthstone/frankensqlite","Independent ground-up Rust reimplementation of SQLite with concurrent writers and information-theoretic durability","Rust","2026-02-27T15:08:03Z","65","false","false","79","high","both","core/intermute;interverse/intercache;interverse/intersearch","SQLite concurrency;MVCC writers;durability engineering;indexing architecture","Directly relevant for persistence-heavy plugins and service indexing strategies across Demarch components."
"frankensqlite_website","https://github.com/Dicklesworthstone/frankensqlite_website","Marketing and documentation website for FrankenSQLite","TypeScript","2026-02-27T06:43:28Z","2","false","false","38","low","inspiration","docs/research;apps/autarch","technical docs UX;interactive architecture storytelling;Next.js docs presentation","Mostly documentation UX inspiration; limited direct value for Demarch runtime and coordination layers."
"frankenterm","https://github.com/Dicklesworthstone/frankenterm","Terminal hypervisor for AI agent swarms: real-time pane capture, state-machine pattern detection, and a JSON API for coordinating fleets of coding agents across WezTerm","Rust","2026-02-27T14:49:51Z","64","false","false","84","high","both","apps/autarch;os/clavain;interverse/intermux","swarm terminal orchestration;robot-mode control APIs;pane observability;event automation","Strong fit for swarm terminal control patterns across Autarch surfaces and Clavain automation."
"frankentorch","https://github.com/Dicklesworthstone/frankentorch","Memory-safe clean-room Rust reimplementation of PyTorch with deterministic autograd contracts, strict/hardened compatibility modes, differential conformance harnesses, and RaptorQ-backed durability artifacts.","Rust","2026-02-27T02:36:07Z","4","false","false","35","low","inspiration","core/intercore;docs/research","deterministic autograd;conformance harnesses;clean-room methods;memory safety","Useful rigor patterns for testing contracts; limited direct fit with Demarch agent infrastructure."
"frankentui","https://github.com/Dicklesworthstone/frankentui","Minimal, high-performance terminal UI kernel with diff-based rendering, inline mode, and RAII terminal cleanup","Rust","2026-02-27T14:18:15Z","196","false","false","70","medium","inspiration","apps/autarch;apps/intercom;docs/research","diff-based terminal rendering;inline mode;deterministic tui kernel","Diff-based deterministic TUI kernel offers design patterns for responsive, low-flicker Demarch terminal interfaces."
"frankentui_website","https://github.com/Dicklesworthstone/frankentui_website","Next.js 16 project site for FrankenTUI with interactive Beads DAG visualization, spec evolution lab, and framer-motion polish","C","2026-02-22T04:35:56Z","2","false","false","82","high","both","apps/autarch;os/clavain;docs/research","beads-dag-visualization;nextjs-ui;spec-evolution","Beads DAG and spec-evolution UX patterns map well to Autarch surfaces."
"gemini-api-updater-doc","https://github.com/Dicklesworthstone/gemini-api-updater-doc","Tired of your LLM not knowing the new Gemini API correctly and telling you wrong stuff? Paste this as your first message and set it straight!","","2026-02-12T02:35:50Z","8","false","false","85","high","both","apps/intercom;os/clavain;sdk/interbase","gemini-api;tool-calling;long-context;model-ops","Gemini API reference is immediately useful for Intercom runtime support and adapters."
"giil","https://github.com/Dicklesworthstone/giil","Zero-setup bash CLI that downloads full-resolution images from iCloud/Dropbox/Google Photos share links, bridging iPhone screenshots to remote AI coding sessions","Shell","2026-02-27T16:40:49Z","32","false","false","72","medium","integration","apps/intercom;os/clavain;docs/research","image-link-ingestion;remote-dev-workflows;bash-cli-automation","Practical bridge for moving screenshots into remote agent workflows and debugging loops."
"github-diff-viewer","https://github.com/Dicklesworthstone/github-diff-viewer","Web app for viewing and analyzing diffs between GitHub repos or branches using in-browser git operations via isomorphic-git","JavaScript","2026-02-12T02:40:05Z","2","false","false","69","medium","both","apps/intercom;apps/autarch;interverse/interflux","diff visualization;isomorphic-git;repo comparison ux","Diff UX and browser-side git operations fit review and comparison tooling."
"github_stars_curve","https://github.com/Dicklesworthstone/github_stars_curve","Svelte app for visualizing GitHub star growth curves over time","JavaScript","2026-02-12T02:41:40Z","1","false","false","45","medium","both","apps/autarch;docs/research","star trend visualization;svelte dashboards;github telemetry","Star-growth visualization patterns useful for ecosystem telemetry dashboards."
"gonode","https://github.com/Dicklesworthstone/gonode","All Golang functionality in Pastel Network is consolidated in this repo","C","2026-02-12T02:36:26Z","1","true","false","33","low","inspiration","core/intermute;docs/research","go service architecture;p2p messaging;distributed backend patterns","Large Go distributed codebase offers reference patterns but mismatched domain."
"grassmann_article","https://github.com/Dicklesworthstone/grassmann_article","Long-form biographical essay on Hermann Grassmann, the 19th-century polymath who invented exterior algebra, exploring his life, mathematical discoveries, and themes of unrecognized genius","","2026-02-12T04:00:31Z","54","false","false","6","low","none","","history of mathematics;exterior algebra;long-form writing","Biographical math essay; no actionable platform linkage."
"guide_to_openai_response_api_and_agents_sdk","https://github.com/Dicklesworthstone/guide_to_openai_response_api_and_agents_sdk","Detailed guide covering OpenAI Responses API, built-in tools (web search, file search, computer use), Agents SDK, and observability tracing","","2026-02-22T04:35:58Z","3","false","false","92","high","both","apps/intercom;os/clavain;sdk/interbase","responses-api;agents-sdk;tool-orchestration;observability","Directly applicable to multi-runtime agent integrations, tool calling, and tracing architecture."
"hacker-news-clone","https://github.com/Dicklesworthstone/hacker-news-clone","Hacker News clone implementation","JavaScript","2026-02-12T02:42:09Z","2","false","false","22","low","inspiration","apps/autarch;apps/intercom","nextjs app structure;web ui patterns;auth and feeds","Generic Next.js clone offers limited UI inspiration only."
"hessian_free_email_chain","https://github.com/Dicklesworthstone/hessian_free_email_chain","Email chain discussion on Hessian-free optimization methods","","2026-02-12T02:41:38Z","1","false","false","6","low","none","","historical optimization discussion","Historical email correspondence lacks practical artifacts for current Demarch engineering needs."
"hoeffdings_d_explainer","https://github.com/Dicklesworthstone/hoeffdings_d_explainer","A Detailed Introduction to My Favorite Statistical Measure, Hoeffding's D","","2026-02-12T02:35:51Z","100","false","false","29","low","inspiration","interverse/intercheck;docs/research","dependence metrics;nonlinear correlation;statistical robustness","Advanced dependence metric could inspire evaluation analytics, but not immediate integration."
"homebrew-tap","https://github.com/Dicklesworthstone/homebrew-tap","Homebrew tap for NTM and other tools","Shell","2026-02-23T02:56:06Z","4","false","false","22","low","none","","packaging;homebrew formulas","Homebrew distribution metadata provides minimal value for Demarch core orchestration or agent research."
"interactive_reversible_cellular_automata","https://github.com/Dicklesworthstone/interactive_reversible_cellular_automata","Browser-based explorer for one-dimensional reversible cellular automata with WebGPU acceleration, bidirectional time stepping, and live rule editing","HTML","2026-02-12T02:40:11Z","0","false","false","14","low","none","","WebGPU simulation UX;reversible automata","Interesting WebGPU engineering, but unrelated problem domain for Demarch agent systems."
"introduction_to_temporal_logic","https://github.com/Dicklesworthstone/introduction_to_temporal_logic","An introduction to temporal logic and how it can be used to analyze concurrency","","2026-02-13T15:09:43Z","110","false","false","52","medium","inspiration","core/intercore;core/intermute;docs/research","temporal logic;concurrency reasoning;formal verification","Temporal-logic concepts can strengthen concurrency specs and correctness reasoning."
"jazz_chord_progression_editor_html","https://github.com/Dicklesworthstone/jazz_chord_progression_editor_html","Create and explore jazz chord progressions, with annotations and sequences, import/export, presets, and more.","HTML","2026-02-22T04:36:01Z","0","false","false","6","low","none","","","Music composition web app is outside Demarch's coordination and agent-tooling scope."
"jeffrey_emanuel_personal_site","https://github.com/Dicklesworthstone/jeffrey_emanuel_personal_site","Personal website for me, Jeffrey Emanuel","TypeScript","2026-02-26T17:18:44Z","4","false","false","12","low","none","docs/research","portfolio frontend architecture","Personal-site stack has minimal overlap with Demarch platform or plugin architecture."
"jeffreysprompts.com","https://github.com/Dicklesworthstone/jeffreysprompts.com","A curated collection of battle-tested prompts for agentic coding - Browse, copy, and install as Claude Code skills","TypeScript","2026-02-27T05:32:19Z","81","false","false","81","high","both","os/clavain;apps/intercom;docs/research","prompt library curation;skills packaging UX;agent CLI export patterns","Strong inspiration and potential integration for Clavain skill distribution and prompt operations."
"kissinger_undergraduate_thesis","https://github.com/Dicklesworthstone/kissinger_undergraduate_thesis","Digital edition of Kissinger's 400-page 1950 Harvard thesis: OCR'd and LLM-cleaned from scans, with HTML/EPUB/Kindle formats, interactive mindmap, enriched footnotes, and a reader UI","HTML","2026-02-12T04:00:32Z","47","false","false","16","low","inspiration","docs/research;interverse/interdoc","ocr-pipelines;reader-ux;document-transforms","OCR-to-reader pipeline is interesting, yet domain and goals are largely unrelated."
"lemelsonbot","https://github.com/Dicklesworthstone/lemelsonbot","Structured corpus and methodology distillation from Jerome Lemelson's invention notebooks: cleaned text, reusable heuristics, operator library, and provenance-traced quote bank","Python","2026-02-22T04:36:04Z","2","false","false","38","low","inspiration","docs/research;interverse/interdoc","corpus-distillation;methodology-extraction;provenance","Corpus distillation and provenance methods may inspire documentation extraction workflows."
"letter_learning_game","https://github.com/Dicklesworthstone/letter_learning_game","Educational game for children learning letters and the alphabet","HTML","2026-02-22T04:36:05Z","1","false","false","4","low","none","","","Children's alphabet game has no meaningful overlap with Demarch agent infrastructure goals."
"llm-docs","https://github.com/Dicklesworthstone/llm-docs","Condensed, LLM-optimized documentation for popular Python packages: stripped of fluff to maximize context window efficiency","","2026-02-12T02:40:16Z","64","false","false","80","high","both","interverse/interdoc;interverse/tldr-swinton;docs/research","condensed package docs;context-window optimization;LLM documentation formats","High-star condensed docs corpus strongly aligns with Demarch's token-efficient documentation workflows."
"llm-tournament","https://github.com/Dicklesworthstone/llm-tournament","Automated LLM Coding Tournaments. There can be only one (winning code solution from the competing AIs)","Python","2026-02-22T05:12:34Z","47","false","false","82","high","both","os/clavain;core/intercore;docs/research","multi-model-evaluation;automated-code-tournaments;quality-metrics;iterative-refinement","Strong model-vs-model evaluation ideas for agent strategy selection and quality benchmarking."
"llm_aided_legal_discovery_bot","https://github.com/Dicklesworthstone/llm_aided_legal_discovery_bot","AI-powered legal discovery automation: processes PDFs, Word, PST, and mobile databases with OCR and generates relevance-scored dossiers","Python","2026-02-12T02:40:17Z","7","false","false","67","medium","both","interverse/intersearch;interverse/intercache;docs/research","document ingestion;ocr pipelines;llm relevance scoring","Document ingestion, OCR, and relevance scoring map to research retrieval plugins."
"llm_aided_ocr","https://github.com/Dicklesworthstone/llm_aided_ocr","Enhances Tesseract OCR output using LLMs (local or API) for error correction, smart chunking, and markdown formatting of scanned PDFs","Python","2026-02-27T14:38:31Z","2870","false","false","42","low","inspiration","docs/research;interverse/interdoc","ocr-correction;document-ingestion;llm-postprocessing;markdown-extraction","Useful for scanned-doc ingestion pipelines but peripheral to core orchestration priorities."
"llm_docs","https://github.com/Dicklesworthstone/llm_docs","Actual implementation of llm-docs.org project","Python","2026-02-12T02:36:35Z","13","false","false","88","high","both","interverse/interdoc;interverse/tldr-swinton;docs/research","llm-doc distillation;multi-provider pipeline;documentation ingestion","Active Python pipeline for LLM-optimized docs directly matches Demarch documentation and context-compression needs."
"llm_introspective_compression_and_metacognition","https://github.com/Dicklesworthstone/llm_introspective_compression_and_metacognition","A novel approach for transformer model introspection that enables saving, compressing, and manipulating internal thought states for advanced capabilities like reasoning backtracking, latent thought optimization, and metacognitive control.","","2026-02-22T04:36:06Z","30","false","false","57","medium","inspiration","os/clavain;docs/research","llm-introspection;state-compression;metacognition","Introspection and latent-state compression could inform future context optimization and in-session diagnostics."
"llm_multi_round_coding_tournament","https://github.com/Dicklesworthstone/llm_multi_round_coding_tournament","Pitting together all the best LLMs to fight in a coding tournament with no holds barred! Who will win? You!","Python","2026-02-26T01:05:22Z","14","false","false","89","high","both","os/clavain;interverse/interflux;interverse/interpeer","multi-model-evaluation;iterative-synthesis;coding-benchmarks","Multi-round cross-model synthesis directly matches Demarch review, debate, and orchestration patterns."
"loaded-pow","https://github.com/Dicklesworthstone/loaded-pow","Conceptual proposal for proof-of-work mining that embeds useful computation (ML training, scientific computing) into the hash puzzle so energy produces real results","Python","2026-02-12T04:00:20Z","2","false","false","7","low","none","","","Proof-of-work mining proposal does not intersect Demarch's agent development roadmap."
"markdown-browser-agent-mailbox-viewer","https://github.com/Dicklesworthstone/markdown-browser-agent-mailbox-viewer","MCP Agent Mail static viewer","JavaScript","2026-02-22T04:36:08Z","0","false","false","84","high","both","core/intermute;os/clavain;apps/intercom","agent-mail;asynchronous-coordination;static-viewer","Static Agent Mail viewer aligns with multi-agent coordination audit and sharing workflows."
"markdown_web_browser","https://github.com/Dicklesworthstone/markdown_web_browser","Renders any URL via headless Chrome, tiles screenshots into OCR slices, and streams structured Markdown + provenance back to AI agents and pipelines","Python","2026-02-26T02:59:58Z","134","false","false","84","high","both","interverse/interject;interverse/interdoc;apps/intercom","web-to-markdown extraction;ocr tiling;provenance capture","High-value ingestion pipeline for agent research capture, provenance-preserving scraping, and markdown normalization."
"mcp_agent_mail","https://github.com/Dicklesworthstone/mcp_agent_mail","Asynchronous coordination layer for AI coding agents: identities, inboxes, searchable threads, and advisory file leases over FastMCP + Git + SQLite","Python","2026-02-27T17:01:12Z","1738","false","false","98","high","both","core/intermute;os/clavain;interverse/interlock","agent coordination;mailbox protocol;file leases;FastMCP","Mailbox identities, leases, and threaded coordination directly overlap Demarch multi-agent orchestration requirements."
"mcp_agent_mail_rust","https://github.com/Dicklesworthstone/mcp_agent_mail_rust","Rust MCP server for multi-agent coordination: 34 tools, Git-backed archive, SQLite indexing, advisory file locks, and an interactive TUI console","Rust","2026-02-27T06:53:44Z","22","false","false","96","high","integration","core/intermute;os/clavain;interverse/interlock","MCP coordination tools;agent mailbox protocols;SQLite indexing;advisory locking","Direct match with Demarch coordination architecture: MCP tools, mailboxes, locking, and indexed archives."
"meta_skill","https://github.com/Dicklesworthstone/meta_skill","Local-first skill management platform for AI coding agents: dual SQLite+Git persistence, semantic search, bandit-optimized suggestions, and MCP integration","Rust","2026-02-27T15:02:59Z","125","false","false","93","high","both","os/clavain;interverse/interdoc;sdk/interbase","skill lifecycle management;semantic retrieval;mcp tooling","Direct overlap with Clavain skills, retrieval, and MCP workflows; strong implementation patterns and security model."
"military_history_articles","https://github.com/Dicklesworthstone/military_history_articles","Collection of military history articles and analyses","","2026-02-12T02:41:52Z","1","false","false","2","low","none","","historical essays","Military-history essays are outside Demarch's agent-platform and developer-tooling focus."
"mindmap-generator","https://github.com/Dicklesworthstone/mindmap-generator","Turn any input document into a sophisticated, context-dependent mindmap that distills the meaning and structure of the document.","Python","2026-02-26T01:46:17Z","202","false","false","67","medium","both","interverse/interdoc;os/clavain;docs/research","document structure extraction;hierarchical summarization;mermaid knowledge mapping","Document-to-mindmap pipeline can enhance planning, summaries, and research artifact generation."
"misc_coding_agent_tips_and_scripts","https://github.com/Dicklesworthstone/misc_coding_agent_tips_and_scripts","Various things I had to figure out recently to make things work better...","Shell","2026-02-26T22:50:41Z","205","false","false","74","medium","inspiration","os/clavain;docs/research;sdk/interbase","agent ops;terminal workflows;dev productivity","Operational playbooks and scripts provide immediately reusable patterns for agent ergonomics and reliability."
"model_guided_research","https://github.com/Dicklesworthstone/model_guided_research","Systematic investigation of 11 exotic math frameworks (Lie groups, tropical algebra, p-adic numbers, etc.) applied to deep learning, with dual JAX and PyTorch implementations","Python","2026-02-23T00:33:11Z","97","false","false","50","medium","inspiration","docs/research;os/clavain","novel ML math;experimental architectures;research methodology","Advanced math exploration offers long-horizon ideas, but limited near-term integration into Demarch runtime."
"most-influential-github-repo-stars","https://github.com/Dicklesworthstone/most-influential-github-repo-stars","See the most influential users who have starred or forked a given repo (sorted by earned stars and follower count)","TypeScript","2026-02-12T02:36:04Z","20","false","false","64","medium","both","apps/autarch;apps/intercom;docs/research","github network analytics;influence ranking;sqlite caching","Useful GitHub influence analytics and caching patterns for ecosystem insights dashboards."
"multivariate_normality_testing","https://github.com/Dicklesworthstone/multivariate_normality_testing","A Novel Way to Determine if High Dimensional Data is Normal","HTML","2026-02-25T21:57:38Z","4","false","false","20","low","inspiration","interverse/intertest;docs/research","high-dimensional testing;projection-based statistics;visual diagnostics","Interesting statistical testing ideas, but weak direct fit to agent orchestration code."
"my_shared_conversations","https://github.com/Dicklesworthstone/my_shared_conversations","Archive of notable AI chat conversations","HTML","2026-02-12T02:42:10Z","2","false","false","18","low","inspiration","docs/research","conversation-archives;prompt-patterns","Conversation archives could inform qualitative research, but structure appears sparse."
"nextjs-github-markdown-blog","https://github.com/Dicklesworthstone/nextjs-github-markdown-blog","A simple but slick NextJS blogging system for your app, using a GitHub Repo as the CMS","TypeScript","2026-02-26T11:33:54Z","89","false","false","45","medium","inspiration","apps/intercom;docs/research","github-as-cms;markdown publishing;SSG blog architecture","GitHub-backed markdown publishing could inform lightweight docs surfaces for Demarch-facing web portals."
"ntm","https://github.com/Dicklesworthstone/ntm","Named Tmux Manager: spawn, tile, and coordinate multiple AI coding agents (Claude, Codex, Gemini) across tmux panes with a TUI command palette","Go","2026-02-25T22:49:47Z","158","false","false","89","high","both","apps/autarch;os/clavain;interverse/intermux","tmux orchestration;multi-agent UX;session management","Tmux orchestration and command-palette UX strongly map to Demarch multi-agent control surfaces."
"opentui_rust","https://github.com/Dicklesworthstone/opentui_rust","Terminal UI rendering engine for Rust with real RGBA alpha blending, scissor clipping, and double-buffered cell composition. Port of OpenTUI (Zig).","Rust","2026-02-26T03:26:02Z","13","false","false","62","medium","inspiration","apps/autarch;apps/intercom;docs/research","terminal rendering;alpha blending;double-buffer composition","Advanced terminal rendering ideas can improve Autarch/Intercom UX, though Rust integration cost is high."
"paxos_vs_raft","https://github.com/Dicklesworthstone/paxos_vs_raft","Educational comparison of the Paxos and Raft distributed consensus algorithms","","2026-02-12T04:57:59Z","12","false","false","60","medium","inspiration","core/intermute;core/intercore;docs/research","consensus tradeoffs;distributed systems;fault tolerance","Consensus tradeoff synthesis informs distributed coordination architecture decisions."
"phage_explorer","https://github.com/Dicklesworthstone/phage_explorer","Learn and explore the world of phages, the viruses that attack bacteria. A window into the world of genetics.","TypeScript","2026-02-23T17:02:22Z","23","false","false","14","low","inspiration","apps/autarch;docs/research","tui-visualization;webgl-embedding;domain-specific-education","Primarily a biology TUI; only minor UI inspiration for Demarch apps."
"pi_agent_rust","https://github.com/Dicklesworthstone/pi_agent_rust","High-performance AI coding agent CLI written in Rust with zero unsafe code","Rust","2026-02-27T16:09:22Z","437","false","false","76","high","both","apps/intercom;os/clavain;docs/research","agent CLI architecture;Rust agent runtime design;tool policy enforcement;session UX","Useful integration target for Intercom runtimes and inspiration for resilient agent CLI behavior."
"post_compact_reminder","https://github.com/Dicklesworthstone/post_compact_reminder","Claude Code hook that detects context compaction and injects a reminder to re-read AGENTS.md, preventing post-compaction rule amnesia in long sessions","Shell","2026-02-24T15:44:07Z","24","false","false","89","high","integration","os/clavain;interverse/interdoc","context-compaction;agent-memory-guardrails;hook-automation;policy-reminders","Directly improves rule retention after compaction in long agent sessions."
"ppp_loan_fraud_analysis","https://github.com/Dicklesworthstone/ppp_loan_fraud_analysis","An Analysis of Public PPP Loan Data To Uncover Fraud","Python","2026-02-12T02:36:07Z","15","false","false","18","low","none","","large-scale fraud analytics;risk scoring pipelines","Domain-specific PPP fraud analysis offers limited transfer to Demarch agent infrastructure."
"prepareprojectforllmprompt","https://github.com/Dicklesworthstone/prepareprojectforllmprompt","Transform your code project into a Markdown document optimized for interaction with Language Learning Models like GPT-4, complete with dynamic file selection and token management features.","TypeScript","2026-02-27T16:53:30Z","25","false","false","82","high","both","os/clavain;apps/intercom;sdk/interbase;interverse/interdoc","code-to-llm packaging;token budgeting;file selection workflows","Directly relevant to context packing, token budgeting, and code-to-LLM workflows."
"process_triage","https://github.com/Dicklesworthstone/process_triage","Bayesian process classifier that detects abandoned/zombie processes and recommends safe cleanup actions","Rust","2026-02-24T23:12:08Z","20","false","false","68","medium","integration","os/clavain;core/intermute;docs/research","orphan process detection;bayesian risk scoring;safe remediation","Operationally relevant for cleaning stale agent processes and improving long-running session reliability."
"py_chord_chart_generator","https://github.com/Dicklesworthstone/py_chord_chart_generator","Python tool for generating chord charts","Python","2026-02-12T02:41:53Z","2","false","false","8","low","none","","svg generation;music notation parsing;python tooling","Music-specific chart generation; no clear Demarch integration path."
"rano","https://github.com/Dicklesworthstone/rano","Network observer that tracks outbound connections from AI CLI processes (Claude Code, Codex, Gemini), attributing sockets to providers in real time with SQLite logging","Rust","2026-02-26T19:53:31Z","23","false","false","78","high","both","os/clavain;interverse/interwatch;apps/intercom","network egress monitoring;provider attribution;sqlite telemetry","Tracks agent network egress; useful for observability and policy enforcement across multi-provider workflows."
"raptorq_article","https://github.com/Dicklesworthstone/raptorq_article","Interactive visual deep-dive into RaptorQ (RFC 6330) fountain codes — 5 hands-on visualizations, Python demos, and a first-principles walkthrough of the protocol that turns files into mathematical liquid","HTML","2026-02-22T05:12:38Z","5","false","false","12","low","none","docs/research","fountain-codes;erasure-coding;interactive-visualization","Educational coding-theory article; little overlap with agent platform priorities."
"remote_compilation_helper","https://github.com/Dicklesworthstone/remote_compilation_helper","Intercepts cargo/gcc builds from AI coding agents via hooks and transparently routes them to remote worker machines, returning artifacts as if compiled locally","Rust","2026-02-26T03:26:05Z","32","false","false","82","high","both","os/clavain;core/intermute;apps/intercom;docs/research","remote compilation;agent tooling;distributed build workflows;developer productivity","Remote build orchestration for coding agents strongly aligns with Demarch execution workflows."
"repo_updater","https://github.com/Dicklesworthstone/repo_updater","Pure-bash CLI for keeping hundreds of GitHub repos in sync: parallel clone/pull, conflict detection, JSON output, and meaningful exit codes for CI","Shell","2026-02-26T07:42:19Z","72","false","false","84","high","integration","os/clavain;core/intercore;docs/research","multi-repo-sync;parallel-git-operations;conflict-detection;automation-cli","Directly useful for synchronizing many Demarch repos with automation-friendly conflict reporting."
"rich_rust","https://github.com/Dicklesworthstone/rich_rust","Beautiful terminal output for Rust inspired by Python's Rich: tables, panels, syntax highlighting, progress bars, and full-color rendering","Rust","2026-02-26T08:02:06Z","28","false","false","46","medium","both","apps/autarch;apps/intercom;docs/research","terminal rendering;TUI component design;developer CLI UX;formatting systems","Terminal UI primitives could improve Autarch and Intercom console presentation layers."
"rust_proxy","https://github.com/Dicklesworthstone/rust_proxy","Targeted transparent proxy using iptables+ipset to route only selected domains (API providers, cloud services) through an upstream HTTP proxy without global system changes","Rust","2026-02-26T03:26:06Z","2","false","false","38","low","both","core/intermute;os/clavain;docs/research","transparent proxying;iptables networking;policy routing;linux systems","Proxy and routing mechanisms are somewhat applicable to agent runtime network isolation."
"rust_scriptbots","https://github.com/Dicklesworthstone/rust_scriptbots","Deterministic artificial-life simulator in Rust: agent-based evolution with pluggable brain implementations, GPU-accelerated UI, DuckDB analytics, and LLM-in-the-loop experimentation","Rust","2026-02-25T13:07:42Z","7","false","false","46","medium","inspiration","docs/research;core/intermute","deterministic-simulation;agent-experiment-control;duckdb-analytics;evolutionary-systems","Deterministic simulation and experiment-control ideas may inform agent evaluation sandboxes."
"rust_stream_deck","https://github.com/Dicklesworthstone/rust_stream_deck","Rust driver and programmable interface for Elgato Stream Deck devices","Rust","2026-02-26T03:26:07Z","3","false","false","11","low","none","docs/research","stream-deck hardware control","Hardware button-deck integration is outside Demarch’s current core roadmap priorities."
"sassaman_and_dingledine_on_remailers_at_blackhat_2003","https://github.com/Dicklesworthstone/sassaman_and_dingledine_on_remailers_at_blackhat_2003","A Full Transcript and Slides from the talk ""Attacks on Anonymity Systems:  The Theory"" by Len Sassaman and Roger Dingledine in 2003","","2026-02-12T02:36:11Z","16","false","false","34","low","inspiration","os/clavain;docs/research","anonymity systems;traffic analysis;privacy threat models","Privacy threat-model history may inspire security and anonymity design thinking."
"savant-elite","https://github.com/Dicklesworthstone/savant-elite","Native macOS programmer for the discontinued Kinesis Savant Elite USB foot pedal","Rust","2026-02-26T03:26:08Z","2","false","false","9","low","none","docs/research","USB HID device tooling","Foot-pedal hardware tooling has negligible relevance to current Demarch product direction."
"scoop-bucket","https://github.com/Dicklesworthstone/scoop-bucket","Scoop bucket for NTM and other tools","Shell","2026-02-23T08:35:54Z","2","false","false","20","low","none","","packaging;scoop distribution","Windows package manifests are peripheral to Demarch architecture and research objectives."
"slb","https://github.com/Dicklesworthstone/slb","Two-person rule CLI for AI coding agents: peer review and approval required before running potentially destructive commands","Go","2026-02-22T05:12:42Z","58","false","false","92","high","both","os/clavain;interverse/interlock;core/intermute","destructive-command-guardrails;peer-approval-workflows;risk-classification;audit-trails","Direct fit for Demarch command safety gates and agent approval workflows."
"some_thoughts_on_ai_alignment","https://github.com/Dicklesworthstone/some_thoughts_on_ai_alignment","Some Thoughts on AI Alignment: Using AI to Control AI","","2026-02-12T05:52:18Z","15","false","false","52","medium","inspiration","interverse/intertrust;os/clavain;docs/research","multi-model oversight;agent safety governance;alignment control schemes","Conceptual oversight model aligns with intertrust goals, though implementation details are sparse."
"source_to_prompt_tui","https://github.com/Dicklesworthstone/source_to_prompt_tui","TUI for combining source code files into LLM-ready prompts: tree explorer, syntax preview, token estimation, and structured XML output","TypeScript","2026-02-23T23:38:50Z","15","false","false","67","medium","both","apps/intercom;os/clavain;interverse/tldr-swinton","prompt assembly;token estimation;codebase packaging","Source-to-prompt packaging, token estimation, and tree navigation align with agent context assembly needs."
"sqlalchemy_data_model_visualizer","https://github.com/Dicklesworthstone/sqlalchemy_data_model_visualizer","Automatically turn your SQLalchemy Data Models into a Nice SVG Diagram","Python","2026-02-27T15:04:40Z","287","false","false","62","medium","integration","core/intermute;sdk/interbase;docs/research","ORM schema visualization;graphviz diagrams;database documentation","Directly useful for visualizing Demarch SQLAlchemy-like schemas and improving data-model documentation."
"sqlmodel_rust","https://github.com/Dicklesworthstone/sqlmodel_rust","Rust ORM inspired by Python's SQLModel: derive-macro models, type-safe query builder, multi-dialect SQL generation, and cancel-correct async via asupersync","Rust","2026-02-26T03:26:09Z","5","false","false","49","medium","both","core/intermute;sdk/interbase;docs/research","type-safe ORM design;sqlite integration;schema modeling;developer API ergonomics","Type-safe SQLite ORM ideas can inform intermute persistence and interbase abstractions."
"storage_ballast_helper","https://github.com/Dicklesworthstone/storage_ballast_helper","Cross-platform Rust daemon that prevents disk-full incidents for AI coding workloads using predictive pressure control, safe artifact cleanup, and multi-volume ballast pools.","Rust","2026-02-27T05:28:23Z","7","false","false","69","medium","integration","os/clavain;docs/research;core/intermute","disk pressure mitigation;safe artifact cleanup;daemon observability;predictive infrastructure control","Operationally relevant for agent-host reliability and protecting Demarch environments from disk exhaustion failures."
"suno2cd","https://github.com/Dicklesworthstone/suno2cd","Convert Suno AI audio to CD quality (44.1kHz 16-bit WAV) in your browser","TypeScript","2026-02-22T05:12:46Z","12","false","false","10","low","none","","audio conversion;web app","Audio conversion web app is outside Demarch's agent-development and orchestration scope."
"surface-dial-rust","https://github.com/Dicklesworthstone/surface-dial-rust","Turn your Microsoft Surface Dial into a premium volume knob for any OS","Rust","2026-02-26T03:26:10Z","2","false","false","10","low","none","docs/research","cross-platform USB control","Hardware volume-control focus is largely unrelated to Demarch software platform needs."
"swiss_army_llama","https://github.com/Dicklesworthstone/swiss_army_llama","A FastAPI service for semantic text search using precomputed embeddings and advanced similarity measures, with built-in support for various file types through textract.","Python","2026-02-27T05:29:44Z","1045","false","false","78","high","both","interverse/intersearch;interverse/intercache;os/clavain","embedding services;semantic search;FastAPI LLM tooling","Embedding and semantic-search service patterns are directly applicable to Demarch retrieval components."
"system_resource_protection_script","https://github.com/Dicklesworthstone/system_resource_protection_script","Prevent processes from taking down your machine or making it unresponsive.","Shell","2026-02-23T16:42:01Z","26","false","false","58","medium","both","os/clavain;apps/autarch;docs/research","resource governance;linux tuning;runtime stability","Resource-guarding and monitoring tactics can harden long-running agent sessions on shared hosts."
"textract-py3","https://github.com/Dicklesworthstone/textract-py3","Minimally maintained fork of deanmalmgren/textract to remove '*' dependencies","HTML","2026-02-12T02:36:28Z","1","true","false","56","medium","integration","interverse/intersearch;interverse/intercache;sdk/interbase","document text extraction;format adapters;python ingestion libraries","Text extraction pipeline can be reused for document ingestion capabilities."
"textsynth_server_cluster","https://github.com/Dicklesworthstone/textsynth_server_cluster","Cluster management for TextSynth inference servers","Python","2026-02-12T02:42:11Z","3","false","false","58","medium","both","core/intermute;os/clavain;docs/research","llm inference orchestration;ansible deployment;parallel request routing","Parallel inference orchestration patterns align with agent runtime scaling."
"the_lighthill_debate_on_ai","https://github.com/Dicklesworthstone/the_lighthill_debate_on_ai","A Full Transcript of the Lighthill Debate on AI from 1973, with Introductory Remarks","","2026-02-19T06:38:53Z","35","false","false","20","low","inspiration","os/clavain;docs/research","ai history;research funding cycles;field-level forecasting","Historical AI debate offers context, not implementation guidance."
"toon-go","https://github.com/Dicklesworthstone/toon-go","Go wrapper for TOON using toon_rust (tru)","Go","2026-02-22T05:12:49Z","2","false","false","63","medium","both","sdk/interbase;os/clavain;core/intermute","compact serialization;token efficiency;go bindings","Token-optimized serialization could reduce context overhead in inter-agent data exchange."
"toon_rust","https://github.com/Dicklesworthstone/toon_rust","Spec-first Rust port of TOON (a token-efficient data format): deterministic JSON<->TOON conversion with strict validation and streaming support","Rust","2026-02-26T03:26:12Z","18","false","false","30","low","inspiration","sdk/interbase;docs/research","serialization design;spec-first porting;JSON tooling;CLI ergonomics","Spec-first porting and serialization patterns are modestly useful for shared SDK components."
"tsap_mcp_server","https://github.com/Dicklesworthstone/tsap_mcp_server","MCP server for text search and code analysis: advanced pattern matching, processing pipelines, and static analysis exposed as MCP tools","HTML","2026-02-22T05:12:49Z","1","false","false","72","medium","integration","interverse/intersearch;interverse/tldr-swinton;os/clavain","code search;static analysis;MCP tools","Text search MCP tooling aligns with Demarch code intelligence and retrieval extensions."
"ultimate_bug_scanner","https://github.com/Dicklesworthstone/ultimate_bug_scanner","Static analysis tool that catches 1000+ bug patterns across all popular programming languages, with auto-wiring into AI coding agent quality guardrails","Shell","2026-02-26T21:15:57Z","176","false","false","89","high","both","os/clavain;interverse/intercheck;apps/intercom","static bug detection;quality guardrails;multi-language analysis","Strong quality-gate synergy for agent-driven coding workflows and automated defect prevention."
"ultimate_mcp_client","https://github.com/Dicklesworthstone/ultimate_mcp_client","Async Python client for the Model Context Protocol with interactive CLI and reactive Web UI, connecting AI models to MCP servers via stdio and SSE","Python","2026-02-22T05:12:51Z","147","false","false","79","high","integration","apps/intercom;os/clavain;interverse/interlock","MCP client;async orchestration;agent UI","Async MCP client architecture and UI patterns can inform Demarch client/runtime interoperability."
"ultimate_mcp_server","https://github.com/Dicklesworthstone/ultimate_mcp_server","Comprehensive MCP server exposing dozens of capabilities to AI agents: multi-provider LLM delegation, browser automation, document processing, vector ops, and cognitive memory systems","Python","2026-02-26T00:12:55Z","140","false","false","82","high","integration","interverse/interlock;os/clavain;core/intermute","MCP server design;tool multiplexing;agent capabilities","Large MCP capability surface offers integration patterns for tool routing, memory, and delegation."
"ultrasearch","https://github.com/Dicklesworthstone/ultrasearch","Windows desktop search engine combining NTFS MFT enumeration (instant filename search) with Tantivy full-text content indexing, in a multi-process Rust architecture","Rust","2026-02-26T03:26:12Z","14","false","false","54","medium","both","interverse/intersearch;interverse/interject;docs/research","full-text indexing;multi-process search;desktop-scale performance;memory efficiency","Indexing architecture and memory-efficient search techniques can strengthen retrieval plugins."
"useful_coding_guides_for_llms","https://github.com/Dicklesworthstone/useful_coding_guides_for_llms","Detailed Next.js best-practice guides designed for humans and LLM coding assistants to collaboratively build robust applications","","2026-02-22T04:36:32Z","19","false","false","67","medium","inspiration","os/clavain;apps/autarch;docs/research","llm-coding-guidelines;nextjs-best-practices;human-agent-workflows;implementation-checklists","Strong workflow documentation patterns for human-plus-agent coding collaboration."
"useful_tmux_commands","https://github.com/Dicklesworthstone/useful_tmux_commands","Tmux session management toolkit for spawning and coordinating multiple AI coding agents across tiled panes","Shell","2026-02-22T05:12:52Z","11","false","false","56","medium","inspiration","os/clavain;apps/autarch;interverse/intermux","tmux automation;operator workflows;multi-agent supervision","Tmux command patterns can improve operator ergonomics for parallel agent supervision."
"vibe_cockpit","https://github.com/Dicklesworthstone/vibe_cockpit","Real-time monitoring dashboard for AI coding agent fleets: session health, output streaming, and observability across Claude, Codex, and Gemini","Rust","2026-02-26T03:26:13Z","13","false","false","74","high","both","apps/autarch;apps/intercom;os/clavain;docs/research","agent dashboards;developer observability;cockpit UX;typescript integration","Agent dashboard and monitoring concepts map cleanly to Autarch and Clavain operator surfaces."
"visual_astar_python","https://github.com/Dicklesworthstone/visual_astar_python","Generate Cool-Looking Mazes and Animations Illustrating the A* Pathfinding Algorithm","Python","2026-01-25T05:40:27Z","176","false","false","12","low","none","","pathfinding visualization;maze generation","A* maze visualization project has minimal relevance to Demarch's agent tooling."
"wasm_cmaes","https://github.com/Dicklesworthstone/wasm_cmaes","Fast WASM version of CMA-ES written in Rust, for use in Javascript, with a nice demo page ","Rust","2026-02-25T21:53:27Z","4","false","false","27","low","inspiration","docs/research","evolutionary optimization;wasm performance","WASM CMA-ES optimization is interesting academically but not tied to current Demarch roadmap."
"wezterm","https://github.com/Dicklesworthstone/wezterm","A GPU-accelerated cross-platform terminal emulator and multiplexer written by @wez and implemented in Rust","Rust","2026-02-22T04:36:35Z","2","true","false","18","low","inspiration","apps/autarch;docs/research","terminal-rendering;multiplexer-architecture;gpu-ui-performance","Terminal rendering and mux ideas may inform Autarch UX, otherwise peripheral."
"xf","https://github.com/Dicklesworthstone/xf","Search your X/Twitter data archive from the command line with sub-millisecond full-text queries via Tantivy and SQLite","Rust","2026-02-26T07:28:52Z","81","false","false","56","medium","both","interverse/intersearch;interverse/interject;apps/intercom;docs/research","high-performance CLI search;tantivy indexing;query UX;data archive retrieval","Search performance and CLI ergonomics are relevant to intersearch/interject retrieval tooling."
"your-source-to-prompt.html","https://github.com/Dicklesworthstone/your-source-to-prompt.html","Quickly and securely turn your code projects into LLM prompts, all locally on your own machine!","HTML","2026-02-27T05:31:28Z","745","false","false","90","high","both","interverse/tldr-swinton;interverse/intersearch;apps/intercom","repo-to-prompt packing;local privacy-preserving tooling;context budgeting","Very high-star local prompt-packaging tool directly overlaps with Demarch context preparation workflows."
"youtube_transcript_cleaner","https://github.com/Dicklesworthstone/youtube_transcript_cleaner","YouTube Transcript Cleaner is a simple web-based application that improves the readability of YouTube transcripts.","HTML","2026-02-19T00:34:56Z","28","false","false","26","low","inspiration","interverse/interdoc;docs/research","transcript cleanup;reader formatting;text normalization","Useful text-cleaning patterns for content ingestion, but primarily a standalone consumer web utility."
"yto_blog_posts","https://github.com/Dicklesworthstone/yto_blog_posts","Blog posts for YouTube Transcript Optimizer covering the Python backend, Next.js frontend, and case studies in historical analysis and finance","","2026-02-12T05:20:17Z","4","false","false","8","low","none","","blog content repository","Marketing blog content is largely unrelated to Demarch platform architecture or tooling."
